system_id,bp_rp_wd,abs_g_wd,abs_rp_wd,bp_rp_ms,abs_g_ms,abs_rp_ms
wd04_ms03_cool,0.5129999999999999,12.938389057036966,12.608389057036966,2.691795880017345,10.924181640919237,9.784181640919236
wd04_ms03_warm,-0.03798927784545825,11.14741723522486,11.174409576543045,2.691795880017345,10.924181640919237,9.784181640919236
wd04_ms03_hot,-0.28899729063564195,10.065032177147696,10.257030145124427,2.691795880017345,10.924181640919237,9.784181640919236
wd06_ms03_cool,0.5129999999999999,13.436923141874907,13.106923141874907,2.691795880017345,10.924181640919237,9.784181640919236
wd06_ms03_warm,-0.025952517693980326,11.682067389327816,11.700019907021797,2.691795880017345,10.924181640919237,9.784181640919236
wd06_ms03_hot,-0.28100161002395474,10.722694831502057,10.908696039020025,2.691795880017345,10.924181640919237,9.784181640919236
wd06_ms05_cool,0.5129999999999999,13.436923141874907,13.106923141874907,2.183958800173441,9.093385760901892,8.07399812084986
wd06_ms05_warm,-0.025952517693980326,11.682067389327816,11.700019907021797,2.183958800173441,9.093385760901892,8.07399812084986
wd06_ms05_hot,-0.28100161002395474,10.722694831502057,10.908696039020025,2.183958800173441,9.093385760901892,8.07399812084986
